4a8cbc286781f1ecff6b8e0f8e20e30eb9f5a709, not compiled
925847780e3c03b04936f41a1739efe16702184d, not compiled
e4694325bc52209c0700294437d4e260991e9f82, not compiled
352f134f0ed563bdfd979b1b78fe8d48a18888e8, not compiled
9b7cfb86b26842a3a1a33b5142485cc19d8f1213, not compiled
ccf6befd5fe1de9967e19f17ee41df72fb70bfa2, not compiled
f039b677b85cde38e3287aa31ee78ad6bc2fd058, not compiled
97568dc06f50372c16e333e4c8367f845758470a, not compiled
52590a7d00226c6d8861380d8ac91514cfbce87b, not compiled
5ae92f12c702200ade207c84e26fc76f07756696, not compiled
5f2a1cbbc56a16acf7a045e9b81da75d481202b0, not compiled
065a88e24188fd324e7f6e5f70aefaf95c9a49b9, not compiled
7651a6b14d5be6151432e7d709efd884d9ec3a6c, not compiled
0700b0f482ca6bf4290ac92f47ef01c0df99191d, not compiled
71dfdabde1f5e9f0def1d2035822518b43e70587, not compiled
d6f7028269df96a72cccf7b72a41b89aaa820e9f, not compiled
5879d3be8948f4bc12a3f5860709b1b8ab5afa0d, not compiled
60f4205f1ff413a8075705787199c719ad943e40, not compiled
2ebf818b422f86b8bb706fa9f8472f8b0dc83cd5, not compiled
526e1c4171d1780c16a15939d68af10bd7c0d426, not compiled
118ae331020ac911d5d8c5c9b687a3b1568e1e24, not compiled
a008ed131630962f216bd8feb81ad7af041685d9, not compiled
437e275a504d5d2de36365419e048ad9a05d83df, not compiled
7d540cfa99641ad46737a07456766b1d126b2104, not compiled
5d9efdbcd43d7f56c382694103d5ac70a266801f, not compiled
246d50aa44f8679390023f4a5552de9836eb4f1d, not compiled
a99cbac0bb10a8761c337a9bab38541254472782, not compiled
5de3587b86ffc735020c3b06e60c993cfc4e53ab, not compiled
60bf133582a4ca9898e71628676ab97f2595bafc, not compiled
a3e8ae46e059cfc5ae4d94562f102df8e543462a, not compiled
8ed6e84dc6b37360ef716422077d788b865eda48, not compiled
1376d960b5eb1e7ff68555e4f45a47cc5dd6ecaa, not compiled
ca304541d80a5042d55ece0efde6fc9c1206e81f, not compiled
8216dd89b5260aacaf509147b77367ed5006334f, not compiled
e0161bb4cf1e6bf4d0ff6455427af9d4ba48f6c3, not compiled
5918a1fe1e7b4f8edcd65eef1fa933f63aa760b7, not compiled
b84e61ffcf873ef8d588ca3adce2bcd3c7406905, not compiled
57b9151881e65daee41519f486cb8431d35955bd, not compiled
43c787eb35206890f16c441a8b07ba07e1dd40c2, not compiled
03e996b075a65e4db72b2839860d0192c61a4837, not compiled
703fbafa34601e0689430d4d45ab53aac9eb73c7, not compiled
3cb56af4e4e75c766a9f444121a908cd6aca6f95, not compiled
c9fc45757a05ff6816ce8e1baa46fe62d6a0f5ae, not compiled
dda7833110e78602fa081c4a14897846bf3a8d87, not compiled
8a13741f2d42f1d1ccace6460dce9b08e59c8536, not compiled
be5a9fb2194643cc2cf426e70202ec62d99e22a5, not compiled
a286c243eb965fc260289509264e1b9cc1524b89, not compiled
e9488d7cf6fe7708fefe306a642f045a75eab498, not compiled
429a652114f94bf81e97a7737f1b3ea63fb3de91, not compiled
a0ff9fd6304d7813c806095d56cac9234131bc5a, not compiled
70c89068687fd8dc446ebcd54e6367807eb51407, not compiled
25b3e45109d2f6c3dbdd0faa3070fe77254177d7, not compiled
91f675100d6e4b820ca0a85db683ddeb43e5b645, not compiled
6aa45e2047db100c6230dbf6db62498f1dcaa79a, not compiled
d23bf18b40bc7f731498acd042f6d0c0800a9290, not compiled
60314410e2f21760aa5627cf5c2d33a28c5da973, not compiled
5a755b8f822d292d230c4dfb35202845b1d255b4, not compiled
736e42145ca2547b0385f9e841d4efdbcce1bee9, not compiled
546eeaf21921cad98f1785c34006823b7bcda43b, not compiled
108ea5741c6a3850d89287e52c2b944877759556, not compiled
11898601e097012296de4f2cbf608dbd29799191, not compiled
516c15d88b270926687c26cf6e8e963954597c88, not compiled
42e427ce8cd32600fb540570f9e814d85032dfc3, not compiled
fe275663805ec14e358b881bb241cbefd69bb6e6, not compiled
ba74c2510f0d1812b7a5eeef55a1f29ea0e06e09, not compiled
b3dd72f6e0289a4cf268cd69e4d6b279c5c59f64, not compiled
acde85f2bf2005a0b11cdf54d5fb7d6bbbfccc52, not compiled
ed6d94077f823b6ce2f6b3d44849f26599c1192d, not compiled
8fea245638b933417f3b8b945417597650c8cecb, not compiled
a4ff28ef7269da3c9632b5323153f875bb9103e2, not compiled
b0bafaff5ab8549f184c401f2d5b39754cf91113, not compiled
2dec2474f9f5b39e6e0ffca795f52b9b1b88fdf3, not compiled
02edce08898b740c5512533d25b6fd9ee26520ef, not compiled
41d1a0d8f0dd804c854c12c8134e297db0174119, not compiled
aa3e2e9ef49349a9ea3c6af37874345f35b52192, not compiled
1999928282653d0edd522ea3d48afd09c0f52cb2, not compiled
a6c324e669d05dc92e999ae78a29d0ac598d235f, not compiled
8d1482c46113cf159dae2294928cc53a1c043b87, not compiled
b58585fb8def076b355699c8ee496b889534d744, not compiled
431f30388985869e8a41c2b8c0d44ec822671316, not compiled
16c19dcec036ef933bcc6a46ef9b4bea3267546f, not compiled
83855b4cd773c1efab77b64862436778d1b14a09, not compiled
3849e21f3b749ce5f428d42e88ef3f6441546968, not compiled
3a7fab66aeb71032dbec4235e649fd1c5cdd1c57, not compiled
d20ee8ab0e803031d14af734ac934fe2b770990c, not compiled
09c8b57924bc90dfcf93aa35eb79a6bd752add1d, not compiled
765db662a581ffa5b5b093022bb69d2638d02aa3, not compiled
3f313dff3ae2364e536d0deb1f033734b9a7b0d6, not compiled
464aac515f0d5c0a4ba6a2614ee60bc92f665532, not compiled
1be3d32358b8e26ef078a68c235b8abcd761a74d, not compiled
d246044d453724c1f082ed8d1a5742eb49212d0d, not compiled
606ef299cca4d3c35f73c18187b925089d7afb5a, not compiled
0811c1790b072bc167544d2c669e643c4f9385fd, not compiled
32fd0d5a5235982aa51f52a617ccecfa0d793200, not compiled
9318b7a7491db85d2309bea24606e4dd83ace26d, not compiled
4de94a08c7b8cf4bfa6f244b8d386162c3de2bbb, not compiled
5acc48ef8d050cf9230ad4b2a34eb7e16ff4eb5c, not compiled
175c7c5fcec233612af70d0e02da07ef7c955bfc, not compiled
d4f6a5c818990ee87e562cb97ae62661e179fcbd, not compiled
374b62d12017fce9d3898a265fd387faf09445f4, not compiled
7c57c2ed60fe2476bb4a9544d7df5899b823bb30, not compiled
5179d78ef8f8fbf5032796c407f944b841ab3b31, not compiled
c4c3868df6fdb2c177fe274eeb85c0bd80a2f90c, not compiled
202a38df83ff767c6e41887a228d22559c75db00, not compiled
283716c077d8cbd67a25aaecf17c0b676c53fd48, not compiled
0191e6129b1e104a8d350f5c0ff096e074050ecc, not compiled
bc173f639f716868f3a3fa00f9da1242921fae3d, not compiled
d6775caedfd65510a4a0ce890961bf7ae53b0efe, not compiled
dc115509c871b36a9bda8af3d6655dc5869d7078, not compiled
db0b59b9bc2d0dc4faae24bede1b085a796163a1, not compiled
0da1561627dbb7c736bc57fe696ba4bae5f0d704, not compiled
e3ea7f7638a18820580408e7a412ec78c33d0144, not compiled
7e2a7b50277995b497e3fcdb8894c7171468e765, not compiled
81c03fcee25686e49c49c90dcc72fb18f57b25c8, not compiled
d3f4480aff7b0b9fd82516b94b0929812f4b99df, not compiled
b84e9460b523946b4579966421b25fc2febc4880, not compiled
8d3d1889fb10b083422e6df437e4fa35488bde1d, not compiled
5e7fe90154176753fb2d77fddac2bd5035ec7ba6, not compiled
7dc1c05c596e9e42097d0af2d0c6c9e495b5bd93, not compiled
8936d6e3a61a68de377162a7478018e842d333eb, not compiled
9b2b61b777b60484bca1942a5e736a308ed51af9, not compiled
4f17b718b3a821885335c285b7fbdd07384a3e18, not compiled
50520ebc12676ff71fc3d10383258eeccdfb354f, not compiled
65062ddc8669b9092845d0eca2ea2902790c5d63, not compiled
fed1f17d619c9d9be69a18b7f4dc59b1211cc6e7, not compiled
0d757f3e995c82c9a4225da124bbb234ac915bf2, not compiled
a235488095cc73e661c1bc817d54f8b7aa12ef39, not compiled
a4c605d8a63ee8a6c0f71aefa435e10ec79b7f0e, not compiled
eccc4d88780630da1c1415599345cca3c28888ea, not compiled
436f05c48f3b99538fd8e29657ce8b6fd9715da3, not compiled
542211e8c4db57e9c9e39527e503b8f679ebbb63, not compiled
2a0f3659586b4da42f9fabaa9e291454aeb37b13, not compiled
220d14781d225206653b4f74377257ded85969bf, not compiled
fd93fdf0a4a6242fb36f4bd5e968bbc86adf26b6, not compiled
62577ea18b61fd9af1cf3c54615d3613e12ed948, not compiled
fb359aaee010ac8c665204e230da4ae8b30ec7ab, not compiled
561a4c85e7a85c2bb6fad7a1a60b9ed3754d8c20, not compiled
2b5b0e7a14f405f69378527bab5af9e8ddbdb111, not compiled
0fd2f5fd11cc138ab373a2bbd29a5c465f12e601, not compiled
b95322ce3da09c0ddc05709d3a80cd41ac8303be, not compiled
aa40a7e7ceee3d6a2d017a017a6c456c640dd429, not compiled
88d69528063ab065906c590b714948d5bcef7a2c, not compiled
77aa09dab9d41ead55ac11f2842ef013a3685715, not compiled
dfb732fb0c8dc0ef2d914391d96f485626c46698, not compiled
8ca0c4c8485d1cabcc0fb67add9f42bbfad2c627, not compiled
bc5950acb5ea6dbb421e29a37194a869b9667fcc, not compiled
346a5756eb41599b0dd852235093fbc1d8befc60, not compiled
b6871d607eaed16c9b686ce6e1f91c01c5771a18, not compiled
faa703e40e172bf32a2bdc07a4350afbae2641d1, not compiled
e449062da5090d3ab56b2f5d20bc74b802f03fe4, not compiled
41ac4c92030eefc1cfa3e5002426a6bdc7c29637, not compiled
512f698edd6594ca851ae7aeaf5676fd3cd2fb40, not compiled
4bf125a356eb25014c205ebee30fdc528552e3f3, not compiled
7b6c61666ef15b94ec2a8253b0ff9f8406167a99, not compiled
9a827be03a3aac3b3d478683437eb6410df187db, not compiled
7ec4d3874ca1ac4e1afdf39e492c18f7ae7a4c67, not compiled
297d2ca686fff0fca46fa0898d8fc724caded63b, not compiled
5192373270f2bbd7567dcf2b2abb0e393696e24d, not compiled
fe37437c0816f05e333904fc406900c627edcd92, not compiled
31166f2bbb197a606bac6c0dd63ba6f8ce2c8d2f, not compiled
d082672a8008ad3c7f767dcf4cf61177c8c0ff2c, not compiled
59f46d6a6445ccacca72ab519d97d34dbca16c5d, not compiled
7c808d90714c6b80d902f7b50d2a1dafb65ddf11, not compiled
2ab38de23239bacee1c924c325179968b5ac0f4a, not compiled
45a605897eb862d4561627e8963ed57b3b0849ae, not compiled
1d62c398db9b2adf3cb2a10eff55bbf80464bd71, not compiled
2f4e7036272cf16b4a1c1a05245023f1fe9e529b, not compiled
233420ee6bbf318859e04b0dc5d7a47b66008c02, not compiled
5ba1bde434614cc8f73425146638ecaac30a4005, not compiled
88b4e3dbc922c61fef8abc278b3435fafc6c4e30, not compiled
b3b89139bbb4ef4acf82b62313814912692b46d0, not compiled
026c120649c0f7a6c74c989d0a6f73ef423a3bc6, not compiled
606b836061e47ca678c97749089e14d29a1c9495, not compiled
ffa6aac264f1662907f1655b791df7aa2b38d411, not compiled
4b7bef4b2693ca1898ea99f1766aaecbad8471ce, not compiled
5971a93e3f86973f53e3e14c2d32eef4ba367e96, not compiled
2d04bb133a2a77e0f07af31659de3e7f9b937f10, not compiled
609917a77cd495b8955122c9bbf2b5858168579f, not compiled
d8931052e467b5386fbdbf77acb78202014f9e16, not compiled
a985b47ff459aa57d0b4de58df72509062f3c2a1, not compiled
595e470d70fed31c513b358d61a4f8f6ff86b020, not compiled
985378c6f25627fbc8586cab56749ba6a5654fa4, not compiled
eb4d267f51ff192b928be1d85ccb5f56015f19d3, not compiled
a4947309cd0e9dd7430ea462beeca2738ceb05ae, not compiled
005c054eddab5e02e091862d67a6e2286554ad4c, not compiled
091eaf2a3a0cdb7d8458c0fbe35fe7c5ee892af2, not compiled
fe5d7c1693c97c6bda825420cb0c8a1a81f8bfbc, not compiled
b6083b19179fd2bb7397a88c4d82a7c8f9b9a39f, not compiled
991078eceb9479657094c8a4ee062d816f132446, not compiled
e389289e779612c5930d7c292bbbc94027695ae5, not compiled
a58c503cf5b0f02ad442e3e473dc032e0e26eee5, not compiled
dd899e75fcc95a4f4a982b3d0e6d424708c05955, not compiled
b3a6a6b3b5b269cf6ccab91588c320d925dac9ae, not compiled
f61c462ffec0bb6ffe2b09b976d7f8ab634449bb, not compiled
8cf1bdb6b90db3970a0806323321fbb963fc1368, not compiled
e5833affa168b6e168d31bd24a2acbdf75f2d7ce, not compiled
dcc4de4874338e36f82de7d3b741279bdd385101, not compiled
772d74b0fb2161f825d0bccf81ad563553033d1b, not compiled
d26b4d28f8bce634a1bf2b40bf7a75732214c405, not compiled
c9a095511525083ce5124ab7b94af52f419057f4, not compiled
d916ecceb2e6350e9d3b41e525bf9174c576347c, not compiled
8864381a96434d7559b6b373363dce63ec572019, not compiled
14bbddbc4ccd05c028a07f2be0cf3cb4e967cc4c, not compiled
90017dc7e7180f9dd1b39af4e7e3878cd55d08d0, not compiled
b033502afa7db1135bde5a3fbc4701f3fe069fd3, not compiled
3619649ce9c17ebe6ef3ff06508418e685bf0c36, not compiled
b2844c7d270a6ec3388a240f34c58cf6d23f2147, not compiled
7374ff2c48b96b7d5a7817f75698b3fa5fc2db09, not compiled
d1249493e4fc351f32d617d41b588118a945c82b, not compiled
8eea85e167b0adcc5c6c1f778e7106e99f3aeedc, not compiled
6124dbede2700037f9fb7c32894c125de8df1c35, not compiled
29881fdfa9d2c167ddc0bc9dd9d023ae8de58d9b, not compiled
1b45cc8196d82abe25be0a2403e76ece1c5d074f, not compiled
0810e249acb6be925e4ddb3172707928d94fa88f, not compiled
0718895962e9d43858cbbe49cd592b5e2d0920c9, not compiled
c468a07aa6f2375ae2cd5b051c944002d563d45a, not compiled
85a8b141a323865dabab5f224d5035d30e8ee351, not compiled
29aba171ed5286884bb4976e7a9d6d4653a1ca22, not compiled
3c0ef74e447b3b06febd5b54426a6011db85eef7, not compiled
6410d97b9bf55ace15ac12dd628599037a548059, not compiled
4683ebbf939a0f49f919b2166be963c88f535bf9, not compiled
8406e7ae61555db0b5d31acd331cc7d5f21dad26, not compiled
04094833d5f1368927d1a768c7a4349680c55eda, not compiled
4fc6b5e54e606e2db7ed29f0b85c21383fb92dfc, not compiled
b84b723efa91175a5779736242480942e3d6230e, not compiled
f608f7503cdac8c8d802f8162201fc5d1b0872f5, not compiled
97e088c88c78f18b8ffb051d233ea50b176a72c9, not compiled
54309a11ca93adf855703a7949415bc1ab906396, not compiled
cc683148826f0e2ae9af99a1e9483ea999b2d2a2, not compiled
77a52d98275035c8766337b61a87ac3934a2f992, not compiled
e8098d425e627f81dd95dc36cb8734ee6ed9b0c8, not compiled
d0ac3d2a5f49e58d9bbcd0ba214a8b66cc81990c, not compiled
8637f023f2fe30f69802562b82f4e7ab5f041bab, not compiled
afc57189df5b3afd8569f55003d7410dd9b39d50, not compiled
28c13b61ba21e50dfd66396eb88806e10947846e, not compiled
98e2fabf90bc621fa4a4d7799cb61886825c87e7, not compiled
1cb445f5066d48dd893f106bdb9ead57d04d8e0f, not compiled
7061290656034bb2cd3496940f63143eafd8fdbb, not compiled
dd670b29cf17a343899e81b3ff157b65bcc67329, not compiled
c0f2bcdaf7afd6122e44d65ad3f266d4295b5aba, not compiled
cc63455b3e0cff4642b6b50a515f93fc12ead3b0, not compiled
5a5d8eee65f23a9978ff035cd32e2ce8c98dcadb, not compiled
985aad0b1adff2212144d276022d39d082866aa1, not compiled
1b96f28e41ecb466a42e5a86c6bcdd97c510e0bb, not compiled
fcde02ecceda552dbcbac16571678f7106150b46, not compiled
f1d4fdb4881201da3c1ea0bea9cd40dc2f462d01, not compiled
9dbee2f04ea28abb607fedbb6cf5bda659417daa, not compiled
00cfd0a1aed33d71ae7521515e5b217607a62102, not compiled
8647ea1d57d581775c451a9d471e4445904e5350, not compiled
204063d31752fc234a0e58121b03743bff3c7543, not compiled
dda3ec944a28d46ecb69b9abfee9f73bed9bb0d0, not compiled
214a7aa4fc97972e4ea2447222d20f30b8f86983, not compiled
1177050dc60dcae0bcabf7fc8fcfd30438a6928b, not compiled
19080d7f0908190fb54eb6685b92d0c210a1a6f8, not compiled
ec5fb0ca3db15f22e2fe8b9aba880c2ff313bfab, not compiled
36d2a54a374679d7cd06165261f4b70810141798, not compiled
90be3c8e9d20b8537d9b0b5057daa37289cc1e9a, not compiled
f6458ee9d0bd486ebbb48441e1c5b2957f6965ec, not compiled
de37f31a2ae25cb3d37175548386281533c213e9, not compiled
9698abfb3b8e0462d363b7885d02102e2961d21e, not compiled
64ec9779aefd250100fe0284207a7c416dc54e42, not compiled
23b77d7fefe6ae9f3461b95c9627dd90ea99b030, not compiled
491c3e7e4b44352331003885a1f7a9e1cfd9d2a0, not compiled
91f6e521e8cc8398a2a7330a14f427d77868d175, not compiled
60541810afb946873bcdab7d2db8cb72baa39ec7, not compiled
98c9b074509a2392b6ecaadfd758a5766df8e243, not compiled
450ff9aa92b631881b7e55a9aa6edfc1f94943f6, not compiled
f1e2670f72723678eb7cfdf913ef3c1a5b586b0d, not compiled
21ef26838dc27b12450eac55d12e0562f3e64721, not compiled
9ca4863232029ea1e48e75c9e5cb7b286be00f5b, not compiled
a511ea4ca6ffb7df1fc91452441d69e4ba0d2d2f, not compiled
0edbfb6b8900124432c4d1ef8d74f90c015643ac, not compiled
7255ed0bbb292c95d12f09f9ab8ec5f129f5a777, not compiled
735fc1ac33c8ef5ca6aa85c7ce809b5e0ea02485, not compiled
1d2c37a6ce4a530f9d9d8a14827ef912e367c67c, not compiled
11da77c693a5d218be561275d922dfdcb46a6617, not compiled
9267ae3bb27364ebba95cc615c2bf0308e6cb32e, not compiled
31a89ac8db4c2c3685ff21ceb620fea05c581106, not compiled
a3c8daf76c2b6eb2e3ce83cffb58cde8fea93b57, not compiled
70106770ea61a5fe845653a0b793f4934cc00144, not compiled
f6b9a428ca46da6aac7b5affeaa2cde451d0457e, not compiled
f41527455cc9220383e7eb8eeca0caa369e1f104, not compiled
424d644417d1c9806beebf624e405a24b15369b9, not compiled
466c8f4211f62fbfa900a57eb233dddd9db96fb4, not compiled
e884e834f8e5031c93620b4ebf597dee9fffd606, not compiled
7eb00dc788fe6865b3e4d5335169a045c3879e72, not compiled
94f23a61b56cc125e70004f6562a0895a0613dd6, not compiled
8b80de72bbd652122a4e58d74f546bd5af0224d7, not compiled
d948617ae5a351c22ba170e4bb5a1358e89fb6bd, not compiled
a9c7bad42aae85f6bda25a4d2a5256d0b0f64bc2, not compiled
4ae88357f2d5a8b0db48546f2d18c9318d358eb6, not compiled
1ea467cb3650ab13e9c04c3535fa3362fce55a52, not compiled
11202c19df113888e1f8ae35640dac473c518ba9, not compiled
be15008b64e8b3752e957fe9f01984c727960381, not compiled
e6c5757f99825ca09967b03eb4119b634e3575e2, not compiled
e5bc149a2a844cce4f252c569d37c514d804aeee, not compiled
08d7f9228a76ee1ca762c645b8a75597ed6e22c5, not compiled
3de23df528e4b027c20d0634d5083d560bd98913, not compiled
0c6b77b4ebde6e657e6055d3980cac751ac70794, not compiled
7e6d5d5d54d0685411b9e482b841254d35bb3e1c, not compiled
0a0c7e36591cfdce47eb98cad0c382c60df65fc6, not compiled
eff1e736851249f13bc7ab46e04d005c635f2585, not compiled
e10e6db2e3c26e9e0f3534bfe6cf5e475375ef68, not compiled
b3641de2a79a0288d368f868ec7603ef36ce351c, not compiled
bd460b62fbb84d43cb0678751ec0e56bdee1d0de, not compiled
e9c7ed28a6d0039279573680f730fbeb8066d061, not compiled
6ac0ed2d8b91f8ef333c7d61b30891de80f23fba, not compiled
d29a69613ee63eaa7641583506bdc935f78980ee, not compiled
4a5d8f8a007a5f8bdfac53cce85ee89eb689c6ef, not compiled
4b4b6aed438f18fbdf30645abed5760719952a98, not compiled
f5ae32413af5a85466e2953e4acc942962a3e85e, not compiled
f630d0f9ae08eef470df938f946a1f58ac36f40b, not compiled
d39adf6803d59ec3071c6a851f26f28513fcd3a8, not compiled
f4c6535eca7f078c771d33b7848f2c1e61fcde66, not compiled
2adb974fd0825011da4623ccde2da4660eb01526, not compiled
b8561416a763b1c84ffcde81a48dd64ff9a984b1, not compiled
e20c24d522b857b65cfc769d43832fdba33755e1, not compiled
a6da5c1c9341441cfb08dc938c0fe3f43357376a, not compiled
2457c7703562862ef3023eca56e5a10dc6165ea8, not compiled
f3676b5011fcda362d414114d662471ff3364ee8, not compiled
2203f7578375c8f4c49c1bc74375fef0ecdcdac8, not compiled
dff74f574898c0b2b31118b9d4864cc50d78d51e, not compiled
e7ef3aa7aba5c6aa5ec398ff18a4979a003333b1, not compiled
0a465500832d95f59c90b641c5954641a5eedb0c, not compiled
36fcb5c54de400e93e244338156ae5f8f065a6ca, not compiled
4ceb3413fb658ade50e73f4c3a95ebe3f6ee6d8c, not compiled
ba1a9adff16f15611c82f7a281855914ce3ae5d0, not compiled
5f543b9e930b56844f5a5627f9ed24242509d154, not compiled
6f44b3961194851984aeb211dd16616bb97cfef5, not compiled
bba015b90b5b756e7d0c716eaaadd300f21c76de, not compiled
70b35ebdcc7f30d72e0ce38c31b6b58b96a9250f, not compiled
b465bb15efde0d48b140f19c331666f55faf0784, not compiled
04af29f63c814ee400ccc41a69a46da1434d4f36, not compiled
95af96d82157f84fa8f7c92e5f27b5a17772c7b2, not compiled
d3662d7bf6d4df76309c84b82351b0a71e0764d7, not compiled
cbb3d2793349b842b9736fb733e4dfc4a88bd315, not compiled
3a35f193cc24f8eac1c26016109a9542df822679, not compiled
a387134c0dd53d20cbfc37d9f9e968e6678c4bcc, not compiled
4cec2e0c718abbd93a22ca0214ed42299faaac73, not compiled
2898b78067842006d74986af6813e8d18dc233e3, not compiled
1c5a146255adc5fd219de781ed1bfa45ea52c2bb, not compiled
ba660deb303772796158dc16df7da8fb80227d67, not compiled
10b612d0d7a7f17cdb4123c10ddf09b15decc24c, not compiled
ff14c24084f44fb7cc9ee03981228783594deb9f, not compiled
b6d8e5669e5b7ac2cda5e02a6a26e6eede6d0d05, not compiled
99352b4f1daeef0e5f88c861a12021db01703d73, not compiled
2a9568f095dd29717de09901890c791fc94a40ef, not compiled
60c2400e71e43a2380827f172f17e4bd6e56f3dd, not compiled
f7794b5b99bd30f164ac31803d07fe21885919f1, not compiled
c51d98d8bdbe29eb2d5218b83437214b6a686c46, not compiled
6e8426b2c5ad782f26acbf8ae4902e31ca38a75f, not compiled
f7057c3ffa15e1c35376386d81277a6ed77ef90d, not compiled
bbe1c785a70b6a1dc151863cf19795d4bb50fe2e, not compiled
cbb93d0d7714b258e14e47a783e2ab48853eb631, not compiled
f5a510d4f03477f02c6bf2fb7383a324a69dccb7, not compiled
2e884beb2b6de3dca8ce6dca1c6d5fed6d6228e9, not compiled
9f1299ec9559858aa14fa41bcf33e708fca5db1f, not compiled
75d34c629d81bf8e3d36c414a6a9f3f381ada7b1, not compiled
d01b3bb2f95beffd52d7de854e851c8c0002ee33, not compiled
5afef994a9a0d486cacfa30337d2ec790cb4e652, not compiled
8975e90c9af32a77a7652a36b461eb439d636f1c, not compiled
de950983beb0c8c02795280812fe78a080838e2e, not compiled
c82f497b9abd8ca3b94b1679ae571fe949686bcd, not compiled
c952896cfab537f33102787e27acd878e9138f29, not compiled
aa676aa690ca3bc823b12617413ca466908fabb3, not compiled
96840a4a347771c6b50fed9f2245e786ae5c6063, not compiled
0505d2a32b02f9d65de075f7c42d3b4904f74da3, not compiled
8b7920c4bd577ab3b50a113a10fa93d4148afeeb, not compiled
683a0272399de28276e3ebf3462a6bfe263b2f08, not compiled
576505a29046815c653598e4bc758092a4365097, not compiled
3064e53daba062d030b65792819f7d629d33d1e3, not compiled
d6892947c314d3f0333afc6223bef639849a6f36, not compiled
9907485372e3368ec99beb4ad61e97c3c4ded8f3, not compiled
7c918e3c65901e63bfa9a3c1a42cb42c34797ba9, not compiled
aff4070d663d41adf8021babc125df15869e8795, not compiled
04e808a26e26bfa46f204a3d52f1e25aa9e817ec, not compiled
1d0286e297f65a75743acb19cac2253dafaf71b9, not compiled
ee53ecd19ad29870262118248f0884443ffbc538, not compiled
9b7bab4288bd2ac69aa907ee17d4c61a910d2c54, not compiled
4952dd85d66701c5e079303f163baba5a2fe5ce0, not compiled
c415dd79aeccea246fe39881cda0b1404d5c33c0, not compiled
063bb6b88052fce0a015ad7944b2e00038033205, not compiled
8490149ab0530679c059683f05452162422748ff, not compiled
81da2fafa1b08a181fb32eee3643f3832b033595, not compiled
3e97a3afbbb65d858babfe3bf905fc62665f98fe, not compiled
257ee19b38912ceea51b73c5223c1c79c30bb32e, not compiled
a878b64c1d78c2f3bee3089d51df6c0e243be92e, not compiled
50bda14d381f6feaa15d500d148791bd3363c7df, not compiled
113c99fc492341bfe5fbce3f8502f2acdd62b6f1, not compiled
d522e47b8e07862d3a01944ad26314fc7eae5d8a, not compiled
631377f86befb652e2927757de52944d3d2d6a61, not compiled
84839d3f059fd06da2cee514580a83bb7afdb0ce, not compiled
80b101bea540755a6c37a1dc47c2ba0ff74aeb51, not compiled
21314a8b5720ce0a039aa13947c3f1cea8331e3b, not compiled
5e4fd24bd7a3445c0080528fccd337f135111280, not compiled
4100eabf75c4e581c5d9d9ab921f5c48aeac56da, not compiled
0e424881ff2566aa25d470f6eb60d4dd888c1f94, not compiled
c6a3107208b25100dc253c927d05105968fb5812, not compiled
617f2301715a9c2ac6bfd91a393d5fcf7f858552, not compiled
38293084be1aca23754e2cd7db4a8e5181482613, not compiled
cd6d71b967019626734e81103a897729e70cd64b, not compiled
73812e41db0aa040b53c6ff3f35804c037aa2a9b, not compiled
00865f38c819aeeb2a251e34a3d5ed1da9f81aff, not compiled
8d6e55fa9a8273efa02d78de936fa6151c42fb8e, not compiled
21c0a4d3dee42dbd535b206640345901987b16e9, not compiled
7abfc91d9bc08192b459bf1a43087b43e731d229, not compiled
c434c70902f18ad10f0c36543274f7d891f6a082, not compiled
b224cbfcffc5deaa0aa43717c5032821e5e97f7e, not compiled
1ed7683a750b5eeec2eda074bbaf0dcfd258eed5, not compiled
da64b62f7ed5708e1ba9e70308f9818ee91074be, not compiled
f4e161390d29af66312d597dcc10dde5b6148542, not compiled
b98f50b1c93e159b1b701984a8fb2692d272404a, not compiled
092b61c11f6df649962a5f6e771d0c28d81ac77d, not compiled
384e07ad45785cb3c124d4beac4e7f7b143d7521, not compiled
410fb9d6ff239e27f5b870492a7137f3cbddcb5c, not compiled
56d545478a8899fd940e428adf3f827f6f1b347d, not compiled
9459e748c874f7fd43c90ea6f90bce35d47ca778, not compiled
e0452e4d79ade8380dafea2dd1b4cfd3b3fde9f0, not compiled
2552cb1aeee9a853853f0ef1e8dd21b1068facf7, not compiled
414788a0457331c7201540fa7c44d05fe35983f1, not compiled
2ad68ba5449022ab965e7b22b4327e0486864bef, not compiled
6c07bd13a84d27f6df35a9bf00c46e63b5b17639, not compiled
403e4e49562bcce4b8efd95278696f40eb3a429a, not compiled
c80262403c067a19844cd2e11577c9e10ae42f84, not compiled
7c230bf2c1fa3d2562e8495787a06ba14305acdd, not compiled
8e995890ea35399b6da6bc86532f0694accd511b, not compiled
b31439f3ec9bb216465ae77de5f7cb8433dd3140, not compiled
dc8569711fd1771539290d84bb69c33e5f2901fd, not compiled
1d5a4e2d3d0fbd894b4e344a3d6ea601c14ab80e, not compiled
df23d31d6fe1c8da7c02efd03a474f8cb050b21f, not compiled
229c782087d2eaef17d23682fcd8b36a73bb756b, not compiled
5b9f353eeabc824146443b3c413be1f670985b4d, not compiled
09d2c9d132810b3b4ede803d90e93b859d3ab1d7, not compiled
70950e0fe70f503ab54c7ca850a97a56d679fa33, not compiled
63bf6795403ae172c49e81fb9d58b063e77d5eaa, not compiled
03ec3fdca5fb35811d83313e0d44258b353b7e37, not compiled
82b4bc1943d8e8cff60db4e232e9a8ef8eaea430, not compiled
01f63cf80166b1803b5e601e65c13161a5f5270f, not compiled
3126cdce8e32d856502e213402845e94a53cf67b, not compiled
f8e77d4ff102e34141b428d2aa450cf5c98b3959, not compiled
3dbc735ae1f307e5ee4cb998ec69e7f9c43a2a5b, not compiled
67d0cea1889be09e35c329e32c7f6a746aa5a4d6, not compiled
7538855855007bc0e2077fcc1b2bfe51bff1dec7, not compiled
a40de0d92f8af0ce318904f75d85da4e1af34bfe, not compiled
2e9819075f78671bbeb9b7ec11080535a849cc90, not compiled
8dd233d16bc90dd4791e36c8d4c769ce2345fa50, not compiled
c3256e25eb279c23216deafcabe9b2bdbe6aa89b, not compiled
e9bba109ed73016aed9f54925ef810f88330c140, not compiled
45f78a21b9f1e988f32cedc195ce5db5e5aa76d2, not compiled
7f04479e5c653b7e7e7a2dd3ead56d370f914213, not compiled
73d8935012ba2726fba44b4458f469584c2c889b, not compiled
55e74ff9d02a7ed950476f1888a01c628c10af6b, not compiled
5453c55ee35fc662507d1cf746c73cc704ca5685, not compiled
5d8d918980d5116d6156ba10b4c78c951897a8a5, not compiled
09bbff13c2ed95cb21b251bc79f2ce83cbb7c758, not compiled
a2b5dfb92d8fea2bdb7bca82047d7b00cbb3169e, not compiled
4aaa9403bd5056b68afdfdcd7120df102eab9c8a, not compiled
cce3fc85c604b155da38c4668699feb694a2bb32, not compiled
73b3b9d8048f85d759b4e13295c6a02373c89b79, not compiled
d41fbb23251c381ff4452f2feafdc886a525fc0d, not compiled
c9f353cee21a636b8d32ab35319105b061cefcaf, not compiled
e571567af922731d3c01fe62c266c71994ee931b, not compiled
d8a43bf62a6ad1280160d937066ed9e5b299acad, not compiled
444c87274c0e7b921d26a455c1b8e9b5522e1f2e, not compiled
1af2a2a253dc64b266de37d951d3deb182eb1fc8, not compiled
e626217e4dea6c99e2fd6e139e9d060cfacc9db8, not compiled
272846b369e38d99d5bdcb0430779ea0415954ea, not compiled
15f4e86e9387dafba6e713248f1fadce56339701, not compiled
d83250a890877681740ca57339989d664d420461, not compiled
15aac108f19c9a81edaaea3a08b370f4df0012fc, not compiled
45224a8ead4295f0941720322a744b5f5318506a, not compiled
fc266424806307c17658b316982dda185da87bd9, not compiled
a6b433d2571ac4eef2e36faa4893b92bfeb974e2, not compiled
336444a759fd6bcdf53a91a659874fbcfae2e91d, not compiled
e668ff96b0fbcc49ac851ec97af76d491e599842, not compiled
b7ed15c61a772e97aa6ee650871d85d2be5a27cf, not compiled
519542bdd2d0cdfb2a872e6c6f9fce2e39d246ff, not compiled
49a083af125f5ebc748cafa014437a056229bed4, not compiled
1363c7d014dabcebd664a10ac253190b252d81fa, not compiled
297d6c9d5bbf6e17a803d528d602ade088fc89fb, not compiled
a749d017bf2a51d126b9289e2e950f91bcd7b37f, not compiled
1d37fc5fd51bcf97bb7f875dda7f86e8a611346f, not compiled
d4a4d302a26927b97d06d59ee21249d852f40042, not compiled
f80d05b493ddb55ffa05dc8990409d0e738ed7d8, not compiled
43c35b992762a2c4b57b5fb7eabcedecfee43722, not compiled
6cd6c15ff5158719734cabb53a04ddc296f7a40d, not compiled
fb78bf24bd65d9cd3b77ef5674b5bf886b2c1c2b, not compiled
24bb5fe88225e476553047f4f50ec6bf5674255f, not compiled
b43afdc66a64a1dcfa1fef74d6f29a71c6b5b6aa, not compiled
f1ba9cea7c2d21b4d76ae3d3afc281193f87d8ec, not compiled
a3d72f7906e1858968069220c14d15697e3bb010, not compiled
91912d3f7ec21df10579a577ea77e8c73501285d, not compiled
4a92f7c65efbc2bd4ce2f0bfd6f502d3ed514ca0, not compiled
528614edae0574d558499ccc27f41d0ae43fddd6, not compiled
0b501b4ac6a03be53e81f14d588282421265c698, not compiled
e90f31a26cc16ce3aff3c629722cfe568172d3c0, not compiled
e5ea3a0485a350cde9ffa034ebdc205ffa4ac54a, not compiled
d3322d7d6c0cf32ed8e2cf6590bbf9795da11140, not compiled
fe63fc7a8142cccf2b7c2df1e7671bff77fcbc9e, not compiled
2b28400f98a129dddbe51fc875bd4cb55169f136, not compiled
3a385a5aa0f39d5a477d9b1f132bc94535ddb114, not compiled
80af9ad4975c2c97ac9949db638521f4d67e6eab, not compiled
a39d48f1e5b25bf30f0ab182b3fd980a4f44b334, not compiled
78ec9dc5b58501b990364d3a9803d2d9a68e873b, not compiled
a2e44f773233cda614545b375f631aac1aeafccb, not compiled
328e70e3198a528b5a3eea4692978ed180903f17, not compiled
1b8645f8d16a15fd7f5e39f304a552e6a9b66bc4, not compiled
f64734e8729cab0f5b20baf45bc873282f547bdb, not compiled
8a52cbfdf8126aae1ed259928c74297139fa98c6, not compiled
8d1b142b00b876439db38361e92d9438f9775ed5, not compiled
c28fd51e88929afa64e3888b48fcde1771ff0c97, not compiled
b62121fdabc040571239674127f096464d13add5, not compiled
7cee8c8a98da7aa672c6c450915f429d6151877a, not compiled
2e54805bf56c89b0410e4fa98e48a01b0ce96444, not compiled
51ca42702200eb613f2799c6a7d327bb047a8a1e, not compiled
653035b434e1e3aa782140564345337bd603f11b, not compiled
eebb5b0c45d4af9f5b2732eb0a32c57924c37329, not compiled
6a3874abd5ec5534e548aad51e88490586cf2b27, not compiled
1916ebe30a967f976238f1d120db6cb37295eede, not compiled
0ad427869dee133f8a664c702d05c77bef5d0d50, not compiled
6e21d23996159d7bcbecbd1a9402367b70030d77, not compiled
d7bc4a2d8ee2d26e3503e2e7d3e4e9ddb73ae6df, not compiled
043e97c9fec278c29d7f91e2077698bb914bd0a6, not compiled
ee290a0a4a55d99a15da93a5f5e2a1c2a604672a, not compiled
f776bd2be914ec3bf81c3de32c7938c9c1f3829b, not compiled
2559dc40dbad3207c671dad9ae6a0e1ae01761d8, not compiled
afe19bb846de0827a0248e9eef8b48fec9f8ad19, not compiled
c9ac892c42101a55727c443ca22c376ec05e7ed4, not compiled
c1062adc049f9f3659848902b6454c611146e9d1, not compiled
c24f331cb6d67118b6e1335d3ebcf95123e87fa8, not compiled
ee7756953e5df063d8b83ea971c1f19e3d3817e4, not compiled
0def426df9b72aec18fbec1f0ec28f434ec59450, not compiled
e403d2df9cb8a0feb65cdb96ded68faa20f27275, not compiled
b77e14987d9683a3b7c7a4d0d92dcb7d196f2e59, not compiled
bc5b99791c8c43323c556405f819358a64326b37, not compiled
610862cbbe38df7220fca75e4c75dfbaf5131c8f, not compiled
3f3c1b46ed5a5200603fea876341173186381342, not compiled
ef551125c8b077f228c77308b3cb04a9d996e00e, not compiled
0f3a32dd90c1e1dcd35bf9a53d6db3d1fb3ecb61, not compiled
cecda770cbde8fcd8e692832a8eb188f1e48add1, not compiled
23691122e6119de90b24e318ad5bc37e24aa35b4, not compiled
29c4a34635b527ad2af2c29999f90fac5bad2578, not compiled
d5a2cabb819cd1beb1c3af45060945a2d3288121, not compiled
78a6df915afa857bab5546c4440daf88ba7f7171, not compiled
a4bde1dc486f0012bb888c854be415723d52a451, not compiled
9360c378349ac415c1f8f6995bb24affac183714, not compiled
5895dba6f594a455f6be33c3be9a00383a742540, not compiled
43af865138808c65b83b77f5a9d807133ed30950, not compiled
27cbce332c2f3b17b8146295e53e87f773ddbd18, not compiled
65b57b6018eda2b0f5a6eb7e7833bd96eb20e4b6, not compiled
2f88509be411451c29b901af9f5c1bd353aa26a5, not compiled
2ac0eb8cd7f4d22c6a955abf836bbc43352443da, not compiled
9ba5a237d7e6febe2a7835366a774ee877231899, not compiled
af2937a3ee3fa5461291efa76663bd7384b86a90, not compiled
e3c013320282a8a9369c62ab840ee04ea3c001f4, not compiled
96fc8f14c431f9e2c8b6b86cab5bbae078ff3796, not compiled
fbae62101e5d0a04cfec3a6161652ee7ab05aa03, not compiled
75dc4f119ab82b07ab1d73a2321fba7d1ce4630d, not compiled
6251c12a5722978f6a30386d74a487abc1cf1fcd, not compiled
f5a52ac0b0599c178cf789b52b37da0fe12375da, not compiled
4dc9b8ccb39f0f19a11f2f3e74c9b933da4f8e1e, not compiled
f156491e83dfd7abc4d0c300f7bfd204e4ec0282, not compiled
d6b8609c9873c2ab5f39b2a93acb56d8d6a66bbf, not compiled
f2a78ef3b18a3abacc2e0a7498732955dd554bd7, not compiled
24a29e0177553d069643e1c8618f20eef399e19e, not compiled
c267aedbf0066c83abf2f0992d1440b55831b418, not compiled
c1e905742af06757fc14196abcdc7a397ea2f39d, not compiled
2bf0772fff28c280bbac794660e34017fbb038af, not compiled
b3588619aea49a765164b7496b04c6198262c245, not compiled
b03610041da61b1305b68654f499a65ec28a4b61, not compiled
eb6fb6cda45d8bf83aa8347eccd36d2ef68b0694, not compiled
219db32c270fa9ad18c1c10c60a76cac34711215, not compiled
8c57bad833fd5dba56b09dc0832036866393032e, not compiled
a94d3869795d99acc6884156eeec471195c66dff, not compiled
4ecbafad32ca37d269059936ba398b0283890c15, not compiled
2893f9bfdd259926c1805de02c302e5c5dac78d5, not compiled
5bc7adf6b2d262881f35df1a71494a16cf7d713c, not compiled
9a5b335e4237cc9a79f0cd481a557aeee51c5f53, not compiled
712cfcd103a8c600a1357be29a2ca2d4a61354ff, not compiled
020a06aab8788e1892605b96333f09fe7e2d7e8d, not compiled
92ad6860801a60a6ca7f26e7b8faa27ec9db9968, not compiled
7c4049003dccfcccd4d596d539dc024ae0333f4d, not compiled
078e590d852d89a99e9cc665c23d268ad17b5921, not compiled
d1a8e962cfae457741e0b96ff52eceeffb91448c, not compiled
f457a74d08ab7dfb45fdded990b8e13babf66165, not compiled
191ec1a14de646127d45f28d5fcf8015dd2ad9aa, not compiled
207da9b29134b09851c982bd6ef7385c1a9171e3, not compiled
5316724b7eb7384b9106a64f7232649694763bea, not compiled
a33aa39627f3d2bf46b2d1514b0f3ce530714ba5, not compiled
2bc3611d28ee8426ad5e9bcfe24b7836a4a83de5, not compiled
86b71e2963dc643d9db646d0dedaa0b4d64b4e42, not compiled
f0789658718849f51184888e6580ad286d239a0c, not compiled
458d322d08694d2bc62fae7d4aa7b8eae9b3dfe9, not compiled
2255b435345e2171533ebc1d38cb4649467e23cc, not compiled
478ad433a811b0cdb1883a7eb412ce2f1b195c1f, not compiled
bec758a4e5f271cead9d77d91375b1d97d2ec00c, not compiled
b134bf41f7b588a800bffd5c01271a056a9d9b3d, not compiled
77b718485ce80daf38be3c049eb7402318ae3063, not compiled
225cfc7ac2126ef2ca20a3ebf9a97337a07eb431, not compiled
61c175d0efade12b6bc18892028e881ddfb15e58, not compiled
cf659c5f76c40edde08a44d3b609b61444818c6a, not compiled
41bbba82b105f8f07d976bff216ca37ced3e80c8, not compiled
32a8887dd2dc67f4ac0019b3521c60c0f56db80e, not compiled
3ef96c779f8881a2289e81cd504e96cf1a3f66bc, not compiled
7eaff9c5871c13debf4a92e481a48925f02226d3, not compiled
3da223983155fa28481edb44fbba8ed11c703501, not compiled
1cb4160cef90e730ab306b19d46084786e9ea359, not compiled
90414be48d94ed7b710eb9c42735d8b1e43b7267, not compiled
1788926ce1c872df59ea3eef4c2c467984aefffd, not compiled
ead1ee60a511292f347865186574b8e35ecbdd7d, not compiled
ab89221197c484112dbd2e235b1633943a795e95, not compiled
ea75da05a0e3e3486e4d930067278427317bf936, not compiled
20ea8a0154c6830466336671b60f9be0b8d53781, not compiled
68695e53fe02327161dd2bfbb8318c45e6f00f06, not compiled
0715a11187733575f081a417575d099f4148cf3e, not compiled
45fe7d29812940ccd0cfa2def117fe4355c3218c, not compiled
3f5862a60e1045427b95fa44fdddfb0d4c11a771, not compiled
0493b48d116f3a892e88ad627de0dc0cc0022dea, not compiled
411c6c9b2a5070fdb6c656411e0876c95e90ba48, not compiled
b39b6c707522a000130f44bce2dfbce2db2975fd, not compiled
b1b111d8bd7eb3cd1f4c68e75756b25a720adcd7, not compiled
1f0fde531a863c0765bcda4ede03a6b13368b42e, not compiled
71e95c4c4db39f736036f107462343f138f9bc7e, not compiled
9ffd5866c4dfcf8cb435e03f8bd2e57dbf3221f4, not compiled
c8b8ac237d4ef219c1cc2e5a3e6e4809bc53fb55, not compiled
acaf142f00348ce6b5b21a64d028a663af790a11, not compiled
e11c64e6b5161030b23bfc1ff4ca2ffc1c3be11a, not compiled
355e29867de8bf9f91661e422c536d98184b3305, not compiled
ff0fe8317561365868e323df0de4cc0022f6ceb8, not compiled
7ae35df8c0671774622e0fe7efacbe81086fa83e, not compiled
c528c90ae914cd30734fb0c7c5254fcd4174a00d, not compiled
9ed2ab275cd0c667f9d7e502e189edd5723adc85, not compiled
d4324518653a0a5823d3ec484ac4ab630fead0bd, not compiled
517e5feaf6ef075887bd7c23f6e20b3ac7777178, not compiled
4416f75d52bf2f5a2d9edbe3a4f4e4e7e875210c, not compiled
b184eaef485220c8fe3dcbf04afa6eeb310e7189, not compiled
d99528598e30b1be9996e55ce74d7ffd7f0a4cc5, not compiled
e6ea6f71b78f460d0e8ce7fe45f981ecddb44169, not compiled
984e175bb8203bdcb8418f687510ad8f0d29af31, not compiled
49a01893609a50e7ca99b94e0adaba2f8face2fc, not compiled
ef2faa199c26c1338dbdec1efa1d5ecfef866f7a, not compiled
78677f2223bc6c6c21bd0d4947bc15a63621180c, not compiled
4fe1f135a368aa3ad0cf57dc9e97e474c86954da, not compiled
aa015cae615354713014244fd41212bb5dc7e7e9, not compiled
55a1e448c20983e29050505a862ea14967833b75, not compiled
6140520e7cd06a6c47c5c03050482fe24aa9d1f3, not compiled
4fb4ec425b72b7960c80a3e807ab6683655263a3, not compiled
85b1fc5f518d1e7e75f64acba63b0e31dce93cc6, not compiled
0d564ce2f102e5bf453b2b242bc0137a89068987, not compiled
488ed27c25ef5c2900001021cab50636ebc65c28, not compiled
73aa4c97d1d5e4782e0740a0f7daf453c9108c93, not compiled
20eb63732cc9254f8df7be5930ac9d85007804f1, not compiled
8b5b7b3ba4c6fcb7607c6764028696a7d195d2fe, not compiled
c1bf641db0091148488a990ae40a2c835fed84db, not compiled
b8dafee10a1e215a3b6593867866627d0e696fbd, not compiled
bcdc50d516c3f46b15c28a0b702deca573b94b7f, not compiled
6303d4f97934938053278d8cf220540b6fe54faa, not compiled
72857df1fed9910a688064d88f62ec38049fc0ff, not compiled
691be295d1b3feac90fafd63c9cc8afdf142a56c, not compiled
3cc04c99f0508f478d8f4e7bf5af6031a9bf5cc8, not compiled
730dad4cdbe6e1dc00ab170791e8d223a8cfc48d, not compiled
4bd409554cff04b6957170437b2c060b7d48b9e9, not compiled
20a6b4de56fa812cae5753d3e2595b3882d2df17, not compiled
0ef8a93ebf0bb8e4c730dc17e1d883df707e0ebd, not compiled
d6f812567bfeb3b93b5eb954384028eb4d2c06e8, not compiled
9000bde94dac538f4a2236c764ad5aea0936f7f0, not compiled
fd2df97aa6573f1aa586ceb9ed00fc97cb158a32, not compiled
90dcb817a4aa10b296b8f697ff651c2f6d99fb5d, not compiled
73c2e79c8d1e439f9db73f206d0b70ef57071641, not compiled
6182573f54f7024ee033e32a1c4007461fd4b55f, not compiled
7e251707f788aa46b729d6c5f7ab69188f65624c, not compiled
e2daf5fd17051815fa5a960060b646cc461cf6d2, not compiled
e67ec1e16846ece1e4fd49e9eee0ac70799203e1, not compiled
9e6639abd64ea250643e8985d345aa3b1b36e002, not compiled
297f7e849bb5b66784ed631de34bac357a99540c, not compiled
d4638be678635e782c32d7c0a09d19b770255ae1, not compiled
78bf73cb6852486aa2a37f15b514e3743bf20c06, not compiled
1f6963b660702b77185bcbd74d704ffd64b10761, not compiled
2b1de18a2d603e21b479baf497ffd635b697081d, not compiled
81b1571ad38e8648f004ca4ac06d253495f3207b, not compiled
01c927d6503193939fdf351ac501a7fa144b4808, not compiled
a39153784e4e8cbd02a6932e0c152b326fef7d11, not compiled
facf275db4c65c9b8fc7cd14e98c6fc4da06286b, not compiled
a403c7da898538d4f35885ebd2c3bf5049734672, not compiled
775bc467790aca769a2e1802974a5b395e33f7d5, not compiled
b622f54ef75fe1824d440a4985f0da3a77e32f59, not compiled
ba3834fa63468c9ea29c458a4eafdac3c7327ac8, not compiled
ec258cc16677b516177d4a272c59b09dbfd7d07b, not compiled
231b152acd3ed269fc32fd3599a519feb482636e, not compiled
ab2028cdfca40fcb8b2d69663ecac0bb98d1f30b, not compiled
6e57f9a1bada3577e81997a209304db0911e12c4, not compiled
fdbecfc0b92d9289f0d6f80f82c50f2fb5e7c253, not compiled
d81e3a07654139fc6ce1eb0016c4336a7a9f40ad, not compiled
2b30dee0c8309263615b98356eaebe07be52dc1f, not compiled
9ac7173ff7b0302bc1f24e8a0b71876861721cec, not compiled
562b3a0b12952b6403bea6f704d50e2fe76b0165, not compiled
786fc945fb39acc6f0701c225ed1b659d9b0713a, not compiled
ca225527d3689f9ec982a7eda74bdb02b31440b9, not compiled
1dc2847bed5e1488e230fd89819b25c2ce6b0d55, not compiled
0fd01348896c6787337b11bf56e179ea5935777f, not compiled
9edd1441d2a5a3ad6c632f9618dcb03bed6d2359, not compiled
3bad03d0756a725982d937968f453b9b52cd66ff, not compiled
d53731afbedd09b270f87d33f345dda00a98d7f9, not compiled
0bc811fa7fc6012735c7cb4f720a3fdbaf08f351, not compiled
19ddf2957ed5cb8072b969bf12ec046ac0ac3ccb, not compiled
56305e9807251882b664682da86b4d38a7c9946c, not compiled
9cdfd53d3b4398ee58685b4a6e175978b421904d, not compiled
2a9f2b6255a90ae6cff7f19c0cc2779b6603ff90, not compiled
167aecf38de9167f553edc0b25d6ce31effc169a, not compiled
9b4fe9da0a80c71086e8804f3ed2795551a4e63a, not compiled
93a6d754cc1ca0fc245e411d4b2d02058d3d4fc7, not compiled
5fc7e64e552154df09c8f12bbfb4e05a88be390a, not compiled
ee310159d9742bed3c1064e17a1eafd0441be374, not compiled
0b61f84404201c71613aa629836fd4e58f04b8a1, not compiled
2eb28c766c7d13f716d001b3d00c55031f755313, not compiled
4a4f843f0493580e6fe6f2950400bcc6e2aed841, not compiled
e368d0d7029739860638d5e85f47937b2b88b95a, not compiled
ddda136b4b09701662f9f21ac4951bad2c894e47, not compiled
6a82146702f0f420879108d5d4d40a9297a03d4a, not compiled
746892442f75845426e16f258d42498ad1de154b, not compiled
2e929ff4a9756ab75a9026b18552dcc634a0231c, not compiled
723dd64d2eba62580d1d6fffefdb18b620eb9748, not compiled
9d8f4849c3d6d129b9416f097cdfeb9d13d496df, not compiled
a4d35ef08b8f21dd0cf2d21e119636420f999564, not compiled
cd3a81c0bbe6f4e1ff1ea1a8dedaf87fd584e1fe, not compiled
66f5351b0b3abfa5693d2e5873393e8b5c629546, not compiled
27826c40d4cd0913cb13897d4395b55f49d179a1, not compiled
2e21b43df8fa1da44712442d9c15f098b19b15b7, not compiled
f6da77e2bccfa107f4ebc87163ec9e6f491c0fd1, not compiled
c7c0a916948f60bae889c530ad47d85b7e3881f4, not compiled
f1a9880905f788ff2d2ac0d4fc16e41a11d3ae86, not compiled
ad94c5d1deab8bb0036bea71826fb64f78b02d27, not compiled
8560cbf947425e8585361b58440fb04b911e5df2, not compiled
d7be6b3754ce549cdeb7228a35dec8b5521f0ecf, not compiled
a215918685ffc1060188dc976eb31a0dba3173ea, not compiled
4a0814bef4bef905ac5d4cbd3c07ae6d0cb88cd7, not compiled
f66cdb3a592820ff075d98e7cc291a1ed7a654a3, not compiled
f3612f96ebf1b3e319b68898b95bbdc3c0e2a74c, not compiled
9271b906e1c314986382cb4abd35dbd433268ea8, not compiled
24d837eafd724642faed1b80856a353f73e993c5, not compiled
59c267c22de306e078dc959000c39ead9c411dfd, not compiled
6ed937e73321c9705cfe15308598926512416730, not compiled
cd4c28ecca7a2fee24d968c85ad79316da58571f, not compiled
99b1bf42ea4724eb6f27153cd22dffc581a8c300, not compiled
e34b56db3fcc99bda0f098da458040b68d1fa250, not compiled
d06270236608331e08889000c8f0ead0d5f60698, not compiled
a5c011a6403106d779b643aa2bf318f6ce6fba75, not compiled
6161ecdc3268fb146cf2c3268a295ad6fdc21063, not compiled
3a9c36b48ef3a8f7c3e04bec458c93e62ff4d62e, not compiled
33e3fd583f828380a7c0eae7c4c105357d56c2e6, not compiled
7209fa9fb5292da9a2352d57cbc33d49cbc9a78b, not compiled
ce75526e148bb7f2bcfbfcd9c7b40b675eba96d2, not compiled
3524bd6ca632824a03b54a170bdea9e7fe54346a, not compiled
540caa1add9fe595a8c1a18d4d0c7518daef6706, not compiled
837fb724fb0ff8c77c2c3b52d5beee88e73d33a4, not compiled
30f22d94814dc4da3cc9bd2444aa06aca1e389fa, not compiled
8f2acc76d0908f5930c2d01ea7c6a11a8bd29da6, not compiled
18c40ecfc1d25a989e905d78e6ed2bbceb65dc35, not compiled
e56d480a4715d17c1fa0ec5f7d96f3323966176c, not compiled
0c2ac07ae32ee55153c00c68fbde6872418e587a, not compiled
73340290760e36ae603729cbfb304e85c775eee2, not compiled
39d8bd9af4db734e99d63e4c0e32c5003c311b66, not compiled
98b8a03a7ce4dbf45c6853b626f74d320f335102, not compiled
d38e114e21480ff5aca064577f76574affaf99ef, not compiled
9ed32ecf6c84d37f026bd0f62b6f940df113c87e, not compiled
28563ce903f0a2514b8348afd978b41ad15982fc, not compiled
0c3f02690240ff106f83abec51ddebed5a93ee73, not compiled
7411239c62f98695b96ff52d2ee500c99419aa6e, not compiled
c5f0682193e54bc0af9a4137aba76655bb01e666, not compiled
22bbd54444f4be363b93469bb4460f769fc4923c, not compiled
46c3ad2c750bfc28c2cf0dafae27ac8a39558349, not compiled
0c46bfc7fdb8edb282bee46c110ba3c679a6341b, not compiled
b60a3ba1ef44047439e698b57365dca644d4c089, not compiled
23e9e2da2abd54272d72e52d9457b44ac0d3424b, not compiled
c5a820aae25bd79bd6deef2eae70107031ce89e1, not compiled
cb85a3bc905b040333afcafa6870f6bdeb891572, not compiled
48b9ef8b5d42ef5741de751b9636c5b2d1e2c71a, not compiled
d2d2035be5340e64304bd438a939750a6aa5a9cb, not compiled
4eb8044ae73cacd278330b07795bdd649a82fc30, not compiled
47b45c6fadbd0b468386949d4452829fe4fcd17e, not compiled
bd34147ab1ad04f4b9dc2e5eb973b5a5b0f30ce9, not compiled
11796d4ed132304045d6fd1c979e4f24d4a863e4, not compiled
71fb92ebd4599c9e13d61f8e56cf1d9e473bb7f6, not compiled
fd07147f86bb51e87908d3f1965bac4da3373996, not compiled
69d29afc48fbddb045982fd75a28c8d6a3ee68fb, not compiled
b494c9f537f62c37d857909deb32cd1d043aa9c5, not compiled
154d4c999fd185520df487d4ad69011ead828717, not compiled
e3ab7379e2f5f3be137a9ee5e3a86085b82ac1eb, not compiled
e1062a38bb85bfcae47b54518dcee9c62ddc592d, not compiled
fe3ac4361e2b4ac53af5fb32cb91008a16af22e3, not compiled
cab4468cb6380c43948a16aa2ec511c79ad9e4ce, not compiled
01dcb65ae51707fb1a5d4d2e87675607f64625dc, not compiled
a888d20dc639413343f3c92373aa91ab69fa9584, not compiled
d147d1ebddf6ec0a3d16b9de5487c3499fb7eeb0, not compiled
86fa786c16d80930fdfd155e6c8b28dcc4afe75e, not compiled
ab63431fbe06fd87708c3d92c781d535986f6524, not compiled
0dc42d33f98c4a5e1b03950627f8c22707ea3830, not compiled
045928c2f32eb938585fd03a545427069c7bebd1, not compiled
82bb367f1f8c5c11f838ff3dea71e9b9bdf899ac, not compiled
da48563fbcaf49a6646fd1a34b19a7f78d2b95c8, not compiled
c911b5aaf85dfcfbf9f858a393b3acbe02142663, not compiled
3d70c862db70084bcb80a7c07caf0ed1e70092fa, not compiled
87a3ee1f1948d3d6cb64e6139c4bc2240ca38370, not compiled
c5768f0660d4b26e222dbcc1ad3bc4019f59c7dd, not compiled
7f8947c03c50073a886b79223783ac5762dc4237, not compiled
a793820331b7ffc5c41bc480f0060eee0488f1fc, not compiled
cf6e4aa097dd30b18dc9adbd6c84b5fbc1401c97, not compiled
bbd0846756320340570b398defaa5d01a3425dd2, not compiled
25fcfe78f1bec2a314ae437ce415f49602f04acc, not compiled
159d0b4a908938cfcf8007cfeb0a56d23c4f32a8, not compiled
1cad2e0d6b7907563348db0efce2ffe49d38d186, not compiled
372cc5eb5c422900297e4d3bf6c6e95704428c9d, not compiled
8daa059adbe877daafe65f581c52d3684d5dba3a, not compiled
037327ba193450f1d3b756ec8bce38502be0ff09, not compiled
61f59a02e6043286f0ed62ca00a9be2ce25d7384, not compiled
b38463a5e35fa7dfd0f9dfbdc7fb637035fa1372, not compiled
26efbfe758c2faceedb86a1c1da41568575c3bbb, not compiled
3c7a14797e1483e079b56601d0de09a20f6ed9ae, not compiled
c8cd287a5315eadb6753f8d5c6027a3515dc17b8, not compiled
e6e3bee13f311a237dac3b94c2bc03b02da1480e, not compiled
f10c7bda4e39f0456a4b06cda5f054f6ac0f7419, not compiled
49a15fe6cb424f80b70ff20a742c4ff40f4add03, not compiled
55472ca4f5a91ecb934cf050de02e645d6945d7c, not compiled
4b3c30188e18b465cea9865e0c42173857982ba7, not compiled
21dbde49c70d767bd1caf627e94a22a261268689, not compiled
50b19813c67f8c6593a51073c70e28d893e1d834, not compiled
99e81635e9647b20f2b96d63d086866ed6de7a0b, not compiled
b38e48a3f1fa890adc1e2aaaf5b26f6153e202cf, not compiled
51c7564a7eddf8f60b8372bfeb4c6338bbffad79, not compiled
0a83196d6c71a45348d854d0653e3a87bee52877, not compiled
4d603413a37d59cf3103d103debdd2cd6b3ca0c1, not compiled
08e7d739b9b4fec1d87a5bbe388f5f6a0544a762, not compiled
a43a4ea63d65caa808606e937186ccf8e3ac0e1f, not compiled
445d94e08d2e81d972f2ecbf85aaa52304f36e4d, not compiled
9ebfb870a2edb2fbf2741928efc53c2deb352e90, not compiled
269822c061460dfb2b47f3eb60b6e4196c43eeca, not compiled
3ebd273440c9854c36b635169c96202437c99b33, not compiled
7ec35cf7f5d760cb6b31928c2622d528af11e406, not compiled
0303fffa15d01cfc14a6aa605874888dfd628fcc, not compiled
ac13472bb084d17d8fc8f65b72775f98498fb776, not compiled
4d0b96e98084ba0be8d3755cbbb7c9804b58c39b, not compiled
00b139a1c49c230bfb7b0f1ec5b8c22d560d3447, not compiled
075008dcd42adcc6924d048a376e611f9219e52b, not compiled
0bab68b3aa3660da24ff49e5dec8f6ada887fede, not compiled
f05b6e1c3a31c201b7731e8dfe6b334160fd598f, not compiled
ddc239c8ed0c8f6215c854e2a74e60d2a51d4db8, not compiled
08f7775741244c00a5d2c3ed19cbd466e0723bd3, not compiled
3b405923090ff6a6fc41f85568824338a998c0db, not compiled
9022c8bc7a9f2e6c50aa40d2d3b9535c1d92c7de, not compiled
3da20f561c34bf78e29b917e7fd61d7fdadc4817, not compiled
9c19b57f95317a6c8f620edb6c80e4334340b5dd, not compiled
a68f1cbcc65614bfe0ce80a2a9c5e47922bd3a71, not compiled
c0b59b0810dbe0299d3be74aea0bf9b3e082ddb6, not compiled
05195b77ca8d86fbb4fdd9216f436d8b7f3a57de, not compiled
1d1e19921ccc1ec10ba3a20212efc1f5c1d0f155, not compiled
b209e197b3310c4463cb8203098da89edd279773, not compiled
78a4ef699ab8c76e199f9bd51a866777112fd850, not compiled
c90167235a2fb8e6528b85cd97889b70c2dbce4c, not compiled
4dd57aafc1b1237e35372acd1866e8bff8b3ace1, not compiled
47f3a2fd9e89dec2b41b764657ba5db7652d2c33, not compiled
c1615d1aa376f51c023bd7b607b12819d1b310ab, not compiled
baffc242845303983e56d8812d1331073cfd293b, not compiled
f3a8579c4f6500829e90f68df0bc01f40b2eb38d, not compiled
8242bc26448f3d92ecc0e16fbc8b57dda9295e41, not compiled
cc73bfb42fa86c01e37a1b7021b1ab41e0f0cb63, not compiled
d72010f4402206c7fab816f30a7f3932b1d8574f, not compiled
f55f1566f0368842718c69de5c951d1642d2cb13, compiled
32ea2a389ab8f2f8c5620498be82f1ae174e1b38, compiled
ee71801e779d95b7366dd98901da8534f9d926f3, compiled
21a95478c2057bc6d2086a9e4904c0335ca72a03, compiled
1bd29782355ea38b460918d461c55a33a28b7e88, compiled
ee556907bbc4d583d489135013e8ef93091de3c6, compiled
08042a0c22ab360a04fbe96c6bb8096f1560c2e6, compiled
c768f73cf16e95bba48313c1ae03074e760510f2, compiled
882493e7b1065b5898fc6bbb592f412317916dae, compiled
2fe2d9a4aaf01cc20fa13c43efda7df2642b3a11, compiled
2b25d6352a21521ac12a1bb66755854340dda1af, compiled
